CUSTOMER_ID,FIRST_NAME,LAST_NAME,DOB
3001,Eugene,Sullivan,10/24/91
3002,Raina,Burks,3/7/03
3003,Emmie,Pennington,2/4/89
3004,Remi,Hanson,3/6/79
3005,Tinsley,Osborn,5/18/85
3006,Kira,Conley,8/1/92
3007,Elizabeth,Martin,3/2/00
3008,Sunny,Gould,10/23/69
3009,Faith,Pearson,8/3/00
3010,Florence,Berger,7/6/96
3011,Brynlee,Hardy,9/25/04
3012,Ophelia,Hood,3/3/00
3013,Noelle,Schneider,5/7/96
3014,Itzayana,David,3/5/81
3015,Aurelia,Marks,4/5/09
3016,Kallie,Odom,5/17/59
3017,Zaniyah,Mckay,11/2/01
3018,Lucia,Castro,11/8/02
3019,Hunter,Bolton,8/10/12
3020,Kelsey,Serrano,4/2/81
3021,Meadow,Cline,6/2/03
3022,Reyna,Bean,11/17/60
3023,Amiyah,Pratt,3/2/10
3024,Jocelyn,Maldonado,7/8/81
3025,Peyton,Bishop,9/30/92
3026,Alina,Rodriquez,6/29/19
3027,Milana,Sampson,8/11/89
3028,Miracle,Cochran,7/1/86
3029,Anaya,Wilcox,7/24/05
3030,Yareli,Sosa,9/22/99
3031,Helena,Stafford,9/22/97
3032,Novalee,Tyson,9/10/04
3033,Josie,Carlson,11/8/91
3034,Evelyn,Tucker,9/22/04
3035,Katherine,Silva,4/9/98
3036,Ava,Murray,2/1/03
3037,Skyla,Maddox,12/4/97
3038,Phoenix,Pope,5/17/59
3039,Lana,Davenport,7/8/00
3040,Amber,Booker,01/01/73
3041,Reese,Hopkins,3/28/67
3042,Milena,Burris,4/5/89
3043,Michaela,Meadows,11/5/64
3044,Londyn,Obrien,6/24/97
3045,Janiyah,Rowland,7/24/64
3046,Kelly,Hooper,12/10/82
3047,Eloise,Douglas,7/6/96
3048,Kira,Nwachukwu,9/9/04
3049,Braelynn,Grimes,1/12/01
3050,Erin,Preston,5/5/85
3051,Kai,Snider,6/3/19
3052,Novah,House,8/16/57
3053,Gabriela,Zimmerman,3/2/09
3054,Adelynn,Lamb,11/15/00
3055,Selene,Holden,9/14/61
3056,Royal,Riggs,09/29/53
3057,Donald,Williams,6/22/90
3058,Ana,Harmon,7/22/87
3059,Chris,Noor,3/4/81
3060,Diana,Cooper,11/2/68
3061,Anna,Riley,3/5/54
3062,Leilani,Montgomery,7/31/81
3063,Steven,Laghari,4/30/56
3064,Azalea,Hutchinson,10/03/53
3065,Haley,Orr,6/8/89
3066,Jerry,Hayes,7/23/81
3067,Leena,Das,9/29/61
3068,Maliyah,Savage,9/14/61
3069,Lara,Dillon,7/15/00
3070,Blakely,Lucas,6/2/95
3071,Eileen,Bray,8/3/94
3072,Mara,Kane,8/17/90
3073,Anahi,Mejia,1/2/74
3074,Henley,Bradshaw,7/21/81
3075,Keira,Olsen,10/4/62
3076,Paisley,Matthews,10/22/48
3077,Bellamy,Rosales,4/30/69
3078,Everlee,Collier,9/12/60
3079,Bella,Woods,4/1/00
3080,Nayeli,Dominguez,11/29/82
3081,Kensley,Beasley,6/12/92
3082,Aliana,Hopper,3/2/00
3083,Cameron,Dalton,2/13/03
3084,Frances,Huffman,6/4/67
3085,Celia,Raymond,9/6/82
3086,Leia,Gibbs,11/30/03
3087,Chaya,Peck,4/27/95
3088,Summer,Soto,2/1/94
3089,Grace,Ford,8/7/81
3090,Joe,Middleton,2/15/01
3091,Adelina,Roth,1/31/97
3092,Ellis,Blanchard,3/1/00
3093,Jazmin,Moon,10/2/92
3094,Jennifer,Mcclain,11/10/04
3095,Estrella,Fulton,12/2/64
3096,Ryann,Barrera,1/3/97
3097,Kate,Oconnor,11/9/82
3098,Kynlee,Conrad,8/12/04
3099,Journi,Melendez,1/3/97
3100,Amalia,Sellers,6/30/64
3101,Gianna,Hicks,12/31/88
3102,Randy,Boyd,1/3/98
3103,Ariyah,Nash,7/8/81
3104,Sawyer,Farmer,10/07/53
3105,Promise,Lindsay,5/4/96
3106,John,Yasin,10/25/68
3107,Rebecca,Blair,5/17/85
3108,Ainsley,Bowers,8/3/97
3109,Sarah,Vasquez,1/24/74
3110,Journee,Chandler,12/10/99
3111,Leila,Leonard,8/9/12
3112,Madeline,Johnston,7/29/74
3113,Melanie,Garza,2/4/00
3114,Kennedy,Greene,7/10/69
3115,Johanna,Church,5/22/03
3116,Charlee,Adkins,4/14/00
3117,Skyler,Schroeder,4/18/03
3118,Jada,Sloan,4/18/90
3119,Ramona,Sharpe,3/12/04
3120,Angelina,Mccarthy,2/1/03
3121,Aleah,Rivers,4/22/05
3122,Lyla,Gilbert,12/2/64
3123,Kamryn,Garrison,10/02/91
3124,Elisa,Henson,5/25/95
3125,Natalie,Arnold,4/20/88
3126,Bexley,Franks,5/25/95
3127,Daniel,Rafiq,7/24/64
3128,Kassidy,Barry,8/5/52
3129,Kairi,Madden,12/8/05
3130,Nylah,Nicholson,4/10/00
3131,Aliyah,Santiago,7/1/03
3132,Waverly,Holder,10/4/91
3133,Joshua,Thomas,7/13/96
3134,Jayda,Haley,7/24/81
3135,Josh,Patel,8/2/88
3136,Arabella,Keller,2/15/03
3137,Hazel,Daniels,3/2/10
3138,Briella,Gross,6/5/03
3139,Margaret,Day,3/1/81
3140,Dior,Campos,12/07/54
3141,Jianna,Nieves,01/30/13
3142,Jasmine,Vargas,8/30/99
3143,Adele,Wynn,6/22/92
3144,Sara,Mcdaniel,8/2/05
3145,Callie,Gregory,9/12/96
3146,Livia,Lancaster,6/22/12
3147,Kenna,Spence,9/9/99
3148,Lola,Aguilar,1/9/97
3149,Marlee,Shaffer,10/16/93
3150,Kayla,Cummings,5/5/00
3151,Averie,Heath,11/16/96
3152,Lacey,Bender,10/23/68
3153,Kaydence,Mcneil,3/5/54
3154,Danielle,Snow,11/3/99
3155,Isabelle,Welch,4/14/95
3156,Bailey,Chambers,4/11/69
3157,Madilyn,Moran,9/3/89
3158,Nora,Black,11/11/97
3159,Mya,Glover,2/23/01
3160,Monroe,Farrell,4/17/97
3161,Leslie,Blevins,11/4/82
3162,Mckenna,Hodges,8/12/92
3163,Delaney,Ballard,1/1/79
3164,Kendall,Mcbride,2/20/15
3165,Marley,Mullins,5/31/80
3166,Kira,Wong,11/25/99
3167,Leah,Gardner,1/3/20
3168,Eric,Johnson,1/2/88
3169,Bonnie,Hatfield,4/8/89
3170,Gemma,Lyons,9/3/03
3171,Dylan,Blankenship,12/11/03
3172,Melany,Chan,11/13/92
3173,Imani,Pacheco,6/5/66
3174,Rosalie,Guzman,5/5/59
3175,Savanna,Berg,10/5/96
3176,Mariah,Gill,11/10/99
3177,Matilda,Harrell,9/24/04
3178,Harlow,Buchanan,3/3/92
3179,Elianna,Gates,2/25/00
3180,Sahil,Jackson,8/8/08
3181,Evie,Briggs,1/2/09
3182,Liberty,Ochoa,9/29/68
3183,Hattie,Kramer,7/6/96
3184,Sylvie,Mcpherson,9/10/03
3185,Aiden,Jordan,6/22/90
3186,Naomi,Wagner,11/12/99
3187,Cora,Castillo,8/4/90
3188,Kylee,Sweeney,11/6/04
3189,Hanna,Rojas,4/17/09
3190,Collins,Singleton,6/30/03
3191,Shelby,Okafor,7/18/04
3192,Sarai,Patel,3/11/93
3193,Annie,Osborne,12/9/61
3194,Harper,Porter,7/31/03
3195,Ariya,Barr,3/8/91
3196,Bria,Clemons,6/7/96
3197,Reina,Morse,4/21/88
3198,Sloane,Newman,5/22/59
3199,Carly,Koch,3/20/03
3200,Anastasia,Jimenez,7/9/81
3201,Arianna,Frazier,04/06/62
3202,Mary,Ahmed,9/12/86
3203,Remy,Trevino,5/8/96
3204,Camryn,Wolf,12/2/64
3205,Sariyah,Byers,12/13/03
3206,Maci,Petersen,7/7/92
3207,Indie,Bonner,7/17/81
3208,Oaklyn,Velasquez,4/7/50
3209,Keily,Downs,1/22/76
3210,Amanda,Baxter,8/12/62
3211,Millie,Norris,7/31/03
3212,Isabella,Simpson,6/22/04
3213,Chloe,Rice,3/13/15
3214,Annika,Kidd,5/31/80
3215,Khaleesi,Ewing,7/22/81
3216,Reign,Barton,4/2/81
3217,Kailey,Holcomb,2/20/12
3218,Patrick,Vega,5/9/81
3219,Milani,Floyd,8/12/60
3220,Kinslee,Hayden,3/3/00
3221,Jessie,Mercer,7/31/81
3222,Aliza,Holman,5/11/81
3223,Maeve,Lambert,12/6/18
3224,Aubrielle,Nielsen,5/5/95
3225,Nora,Kimathi,10/15/80
3226,Alianna,Pate,3/9/11
3227,Alexandria,Parsons,1/3/68
3228,Kinley,Short,4/2/99
3229,Paulina,Beach,1/2/21
3230,Nevaeh,Gutierrez,2/15/01
3231,Jenna,Zeng,5/6/72
3232,Avalynn,Britt,4/9/98
3233,Brian,Bryant,3/3/00
3234,Sophie,Musa,10/27/02
3235,Maisie,Anthony,8/3/95
3236,Sophie,Chavez,2/1/94
3237,Alejandra,Trujillo,7/13/05
3238,Monica,Stout,8/7/97
3239,Melody,Harvey,8/6/01
3240,Jane,Miller,2/3/01
3241,Aubrey,Olson,10/7/20
3242,Vanessa,Ramsey,9/6/04
3243,Hazel,Marshall,8/12/60
3244,Margot,Moss,7/13/76
3245,Bella,Andrews,12/9/53
3246,Veronica,Summers,10/24/68
3247,Zelda,Lara,7/7/20
3248,Berkley,Talley,5/31/88
3249,Iris,Mendoza,10/31/02
3250,Martha,Valenzuela,1/6/90
3251,Anne,Brennan,7/12/95
3252,Alex,Myers,5/13/81
3253,Armani,Blackwell,6/11/03
3254,Pearl,Merrill,2/10/94
3255,Julia,Little,9/12/02
3256,Ariana,Kelley,6/14/97
3257,Tiffany,Baird,7/13/92
3258,Julissa,Compton,9/17/81
3259,Rayne,Alford,9/28/02
3260,Trinity,Santos,9/14/09
3261,Nova,Rose,9/7/89
3262,Aaliyah,Ruiz,4/28/89
3263,Cassandra,Knapp,8/7/99
3264,Scarlet,Wyatt,9/23/81
3265,Journey,Fitzgerald,5/25/99
3266,Allyson,Dotson,8/7/01
3267,Mavis,England,1/21/00
3268,Delilah,Huang,11/28/53
3269,Rivka,Slater,5/22/86
3270,Eleanor,Reyes,9/1/05
3271,Virginia,Mckee,9/16/00
3272,Sky,Rutledge,10/31/62
3273,Mo,Jameel,6/6/85
3274,Coraline,Roach,3/15/03
3275,Alice,Sims,5/4/94
3276,Stephen,Anand,10/14/53
3277,Lainey,Mathis,6/6/02
3278,Janice,Nguyen,5/17/92
3279,Sarah,Smith,4/2/81
3280,Elaine,Hobbs,6/22/80
3281,Izabella,Jefferson,1/4/08
3282,Nicole,Francis,4/5/05
3283,Saoirse,Cantrell,12/31/87
3284,Amelie,Hahn,11/4/65
3285,Kyle,Gomez,11/17/95
3286,Aniyah,Nunez,10/15/80
3287,Marilyn,Wolf,3/4/81
3288,Claire,Carroll,1/3/14
3289,Angie,Oneill,9/25/81
3290,Brianna,Terry,10/12/69
3291,Myla,Norman,5/30/96
3292,Mariam,Valentine,10/10/68
3293,Capri,Cervantes,3/5/05
3294,Viviana,Monroe,12/31/87
3295,Elena,Watkins,11/17/10
3296,Winnie,Duffy,10/9/69
3297,Zariah,Vincent,5/11/19
3298,Emersyn,Sutton,12/30/82
3299,Saige,Barron,8/24/21
3300,Emery,Wheeler,6/19/93
3301,Amaia,Sexton,8/7/19
3302,Kiara,Padilla,8/2/99
3303,Heidi,Atkins,12/20/97
3304,Lucy,Berry,4/19/18
3305,Fiona,Tyler,9/21/04
3306,Marilyn,Buck,8/7/92
3307,Lydia,Banks,7/4/81
3308,Gia,Pittman,7/30/19
3309,Mary,Jane,4/8/89
3310,Adeline,Howell,10/10/86
3311,Joanna,Goodwin,12/11/92
3312,Siena,Russo,7/24/64
3313,Lila,Stevenson,02/06/57
3314,Brynn,Brock,1/3/20
3315,Heaven,Bruce,4/9/98
3316,Sevyn,Daugherty,8/7/92
3317,Selah,Gallagher,9/2/99
3318,Harlee,Riddle,10/17/81
3319,Aileen,Petty,6/22/01
3320,Kathleen,Nwafor,5/25/96
3321,Ember,Parks,3/9/11
3322,Haylee,Reilly,6/11/81
3323,Jenna,Winters,7/3/16
3324,Kinsley,Snyder,8/6/99
3325,Sasha,Harding,1/2/43
3326,Taylor,Barrett,10/2/99
3327,Mila,Dixon,7/2/95
3328,Monica,Gonzales,7/31/01
3329,Madilynn,Mcdowell,7/10/04
3330,Aylin,Richard,10/10/86
3331,Zoey,Palmer,1/2/09
3332,Andrew,Alexander,8/10/00
3333,David,Abdullahi,1/7/00
3334,Royalty,Clay,8/9/01
3335,Danna,Beard,10/27/04
3336,Amari,Frank,11/4/21
3337,Ashlyn,Kerr,1/30/09
3338,Aya,Cleveland,1/2/83
3339,Bridget,Pollard,04/01/62
3340,Sofia,Morales,6/23/79
3341,Sage,Salazar,4/26/97
3342,Veronica,Sally,4/29/03
3343,Laurel,Santana,10/17/81
3344,Elliott,Lester,9/9/03
3345,Keilani,Dillard,11/15/96
3346,Alison,Wall,2/1/01
3347,Ellie,Hunt,10/9/78
3348,Dylan,Day,4/7/00
3349,Sophia,Ibrahim,11/4/02
3350,Shiloh,Glenn,5/5/95
3351,Jaylah,Mccarty,11/17/95
3352,Rayna,Macdonald,7/3/03
3353,Zaylee,Cherry,8/15/01
3354,Karsyn,William,11/26/85
3355,Esme,Dickerson,5/11/81
3356,Thomas,Zaman,9/4/97
3357,Laura,Tran,4/30/99
3358,Miriam,Flowers,7/13/96
3359,Mikaela,Guy,1/5/83
3360,Emely,Knox,4/27/82
3361,Adalee,Burch,3/6/79
3362,Louise,Zamora,1/5/63
3363,Haisley,Luna,7/21/55
3364,Princess,Witt,9/28/19
3365,Harmoni,Galloway,9/12/60
3366,Freya,Pena,09/30/53
3367,Lilian,Jacobson,10/15/99
3368,Rebecca,Perry,5/17/01
3369,Adam,Diaz,11/17/95
3370,Angela,Higgins,5/9/81
3371,Alexia,Cooley,4/29/81
3372,Madison,Gibson,10/02/73
3373,Wynter,Mcguire,8/4/90
3374,London,Powers,12/06/50
3375,Jamie,Potts,7/4/63
3376,Briar,Hull,8/2/52
3377,Addison,Payne,7/19/21
3378,Kyla,Avila,6/10/00
3379,Lillian,Stephens,1/4/53
3380,Oaklee,Mccullough,1/2/97
3381,Sadie,Peters,6/1/03
3382,Jane,Joseph,9/10/92
3383,Beverly,Page,7/24/04
3384,Remington,Casey,11/4/04
3385,Lucille,Erickson,11/7/81
3386,Kamila,Bowen,9/14/61
3387,Jolie,Sykes,7/31/81
3388,Raven,Charles,7/3/82
3389,Makenna,Espinoza,6/24/99
3390,Kaisley,Odonnell,7/3/82
3391,Ryan,Brown,5/5/95
3392,Phillip,Edwards,6/19/01
3393,Theodora,Kirkland,5/11/96
3394,Violet,Ferguson,3/3/92
3395,Mia,Stevens,7/29/03
3396,Maddison,Eaton,6/22/72
3397,Jade,Meyer,10/27/92
3398,Miley,Ferrell,4/10/00
3399,Amaya,Jensen,5/7/88
3400,Mackenzie,Garrett,11/4/78
3401,Lennon,Stokes,1/7/89
3402,Ali,Kumar,4/20/99
3403,Lylah,Weeks,11/24/61
3404,Blake,Baldwin,6/22/93
3405,Olive,Barker,4/5/79
3406,Mabel,Hancock,6/3/88
3407,Adriana,Colon,6/23/79
3408,Charlie,Larson,7/2/45
3409,Finley,Ball,11/5/04
3410,Rowan,Strickland,3/2/81
3411,Kayla,Snyder,5/16/85
3412,Gwen,Macias,12/01/10
3413,Christopher,Khalid,5/15/92
3414,Luciana,Randall,5/5/95
3415,Jamal,Hadid,1/15/02
3416,Liliana,Nguyen,4/29/81
3417,Sabrina,Chase,11/8/86
3418,Rosalia,Lott,4/3/76
3419,Khloe,Shelton,8/17/12
3420,Holly,Parrish,5/31/98
3421,Lorelai,Glass,03/11/48
3422,Kendra,Leon,10/5/96
3423,Liam,Cole,4/7/88
3424,Bristol,Vance,2/25/11
3425,Dakota,Hampton,1/17/91
3426,Myra,Carrillo,11/2/92
3427,Rebekah,Mcgowan,6/24/97
3428,Kalani,Vazquez,4/29/81
3429,Gracie,Wolfe,9/11/03
3430,Hallie,Phelps,1/2/74
3431,Emily,Kennedy,12/10/99
3432,Lea,Fry,4/11/03
3433,Amina,Mccormick,10/20/84
3434,Leila,Adam,8/1/03
3435,Nikhil,Lopez,6/17/93
3436,Camila,Hunter,5/25/99
3437,Opal,Shepard,6/30/54
3438,Julianna,Yates,5/13/81
3439,Addyson,Stanton,5/7/88
3440,Liana,Shields,4/27/89
3441,Romina,Whitney,7/3/81
3442,Scarlette,Dale,9/22/61
3443,Zuri,Dennis,6/5/66
3444,Elyse,Franco,11/22/97
3445,Daniela,Tate,9/23/77
3446,Brielle,Mccoy,5/1/92
3447,Tatum,Morton,8/17/21
3448,Eliana,Willis,11/24/61
3449,June,Haynes,11/4/65
3450,Sylvia,Montoya,9/14/00
3451,Scarlett,Ramos,11/11/99
3452,Marianna,Good,9/24/04
3453,Paige,Rios,10/2/91
3454,Antonella,Ayers,11/17/64
3455,Ariella,Neal,12/22/03
3456,Lilianna,Finch,3/14/98
3457,Cali,Lindsey,2/25/98
3458,Eliza,Fuller,9/9/99
3459,Esmeralda,Sawyer,11/17/95
3460,Joelle,Jarvis,9/10/99
3461,Gracelynn,Schwartz,1/2/05
3462,Adalyn,Fleming,2/1/97
3463,Lena,Becker,8/7/81
3464,Harper,Harrison,4/30/45
3465,Jimena,Gallegos,12/6/96
3466,Linda,Kaufman,10/22/04
3467,Layla,Audu,10/9/03
3468,Raymond,Cano,1/15/07
3469,Presley,Sharp,8/13/10
3470,Jacqueline,Cameron,1/16/97
3471,Elliana,Hoffman,12/23/82
3472,Autumn,Fields,6/9/00
3473,Amina,Mohamed,10/12/69
3474,Vera,Rodgers,1/2/84
3475,Zahra,Dodson,10/16/08
3476,Jaliyah,English,10/12/00
3477,Kareem,Mitchell,8/4/94
3478,Angelica,Foley,5/15/83
3479,Mckenzie,Malone,8/2/90
3480,Zoe,Xiao,6/23/78
3481,Alexis,Dougherty,4/30/81
3482,Regina,Wiggins,6/4/59
3483,Madalyn,Sweet,6/11/03
3484,Wyatt,Owens,5/5/95
3485,Leyla,Velez,9/8/20
3486,Cecilia,Herrera,12/7/04
3487,River,Vaughn,9/8/00
3488,Phoebe,Townsend,4/28/92
3489,Vada,Whitfield,5/24/96
3490,Katelyn,Dickson,3/12/41
3491,Bianca,Lang,8/9/00
3492,Karla,Bentley,4/3/76
3493,Ariel,Munoz,8/8/05
3494,Norah,Curtis,11/1/02
3495,Malani,Johns,9/4/04
3496,Zariyah,Mcfarland,11/29/04
3497,Laney,Hendricks,9/23/48
3498,Braelyn,Howe,11/12/82
3499,Maria,West,3/5/04
3500,Layla,Gordon,10/15/80
3501,Gabriel,Odonnell,7/11/97
3502,Sharmin,Ross,7/5/02
3503,Jazmine,Donovan,1/3/98
3504,Jolene,Wiley,3/9/71
3505,Denisse,Hewitt,6/6/89
3506,Serena,Oneal,10/11/91
3507,Valeria,Walters,9/9/94
3508,Averi,Chaney,4/22/49
3509,Kenley,Zhao,6/10/88
3510,Lyric,Skinner,3/6/79
3511,Jayla,Sherman,1/22/77
3512,Alma,Leach,4/1/68
3513,Elsie,Mack,5/5/85
3514,Daisy,Davidson,10/02/63
3515,Ryan,Thompson,9/20/02
3516,Alani,Valdez,12/31/03
3517,Janis,Lee,4/18/97
3518,Kennedi,Stephenson,4/6/56
3519,Maria,Stanley,7/16/81
3520,Lily,Grant,3/2/09
3521,Ryan,Shepherd,4/10/03
3522,Navy,Horne,9/30/09
3523,Emma,Ellis,6/5/99
3524,Billy,Mcgee,12/29/99
3525,Malia,Walton,7/25/86
3526,Ximena,Bowman,6/4/67
3527,Eve,Booth,10/27/74
3528,Kehlani,Miles,7/10/92
3529,Amy,Barber,2/20/12
3530,Maia,Salinas,5/31/80
3531,Samuel,Russell,10/30/01
3532,Kaliyah,Leblanc,10/12/88
3533,Julie,Woodward,2/1/94
3534,Analia,Fuentes,1/8/88
3535,Fatima,Fox,1/30/97
3536,Vivian,Alvarez,7/4/86
3537,Brinley,Cortez,3/11/94
3538,Dorothy,Mcclure,8/27/92
3539,Gloria,Walls,1/15/01
3540,Mikayla,Munoz,10/23/81
3541,Adelaide,Conner,8/6/99
3542,Rose,Reid,8/13/82
3543,Andrea,Wade,1/6/89
3544,Yara,Kline,11/19/81
3545,Calliope,Yang,8/3/97
3546,Emerie,Spears,7/5/99
3547,Stevie,Whitaker,04/13/62
3548,Maya,Cunningham,11/4/02
3549,Elodie,Rosario,9/19/02
3550,Miranda,Nixon,3/2/00
3551,Ailani,Hurst,5/3/01
3552,Cadence,Key,8/6/06
3553,Alanna,Shannon,5/14/81
3554,Milan,Mays,1/6/00
3555,Emilia,Hawkins,2/23/09
3556,Alora,Chen,12/26/75
3557,Rosa,Crosby,10/23/01
3558,Alessia,Moses,11/17/61
3559,Amira,Blake,11/06/53
3560,Fernanda,Herring,3/2/81
3561,Kayleigh,Hensley,8/4/03
3562,Savannah,Fox,10/31/97
3563,Briana,Mcintosh,10/11/02
3564,Hope,Weber,2/25/11
3565,Jordan,Fischer,1/18/89
3566,Karina,Blackburn,10/23/69
3567,Esther,Caldwell,4/18/97
3568,Clementine,Giles,2/2/01
3569,Nina,Brady,4/12/65
3570,Genesis,Bradley,12/1/75
3571,Harley,Guerrero,5/12/00
3572,Kora,Rich,4/19/12
3573,Cassidy,Morrow,11/21/11
3574,Raelynn,Fernandez,3/10/00
3575,Melissa,Huff,11/5/02
3576,Priscilla,Pace,11/7/11
3577,Hannah,Stone,7/8/98
3578,Naya,Michael,11/7/91
3579,Nia,York,7/9/03
3580,Megan,Mcmillan,4/30/92
3581,Natalia,Ryan,3/23/00
3582,Yaretzi,Hardin,3/14/98
3583,Payton,Hines,3/14/98
3584,Nathan,Griffin,4/5/03
3585,Jemma,Everett,12/10/14
3586,Angeline,Cheung,7/2/95
3587,Colette,Hickman,2/3/02
3588,Daleyza,Allison,6/22/93
3589,Ken,Reddy,9/10/99
3590,Avan,Brooks,1/10/74
3591,Mira,Dorsey,5/28/59
3592,Leilany,Bright,10/02/81
3593,Palmer,Norton,10/11/94
3594,Albert,Hamilton,11/7/81
3595,Alessandra,Bryan,2/8/97
3596,Ayla,Fowler,7/16/82
3597,Estelle,Hays,8/12/60
3598,Felicity,Burnett,4/17/92
3599,Graham,Bala,2/25/98
3600,Nola,Villarreal,1/13/00
3601,Emory,Contreras,5/22/81
3602,Parker,Moreno,10/17/81
3603,Paris,Gilmore,7/8/82
3604,Blaire,Terrell,10/10/91
3605,Caroline,Weaver,2/3/01
3606,Kaylani,Wong,11/24/61
3607,Kaylee,Dean,12/31/87
3608,Lina,Cabrera,6/4/67
3609,Destiny,Lloyd,12/4/93
3610,Renata,Wilkinson,11/28/88
3611,Annabella,Rasmussen,4/30/73
3612,Irene,Rivas,8/28/60
3613,Thalia,Clements,10/08/53
3614,Oakley,Cobb,5/6/88
3615,Celeste,Carson,1/5/43
3616,Gabriella,Austin,9/27/02
3617,Anika,Levy,6/4/67
3618,Keyla,Mcleod,10/27/92
3619,Debra,Santana,7/4/86
3620,Gwendolyn,Bridges,9/30/86
3621,Lillie,Crane,10/10/86
3622,Dani,Kinney,1/13/03
3623,Emma,Gomez,10/27/78
3624,Hadley,George,5/27/81
3625,Nyla,Newton,6/18/93
3626,Gracelyn,Mclaughlin,1/31/08
3627,Tebogo,King,3/13/98
3628,Adrianna,Herman,4/23/81
3629,Abby,Carey,1/6/04
3630,Aubrie,Mullen,3/1/81
3631,Alana,Walsh,6/13/03
3632,Samantha,Chapman,9/30/86
3633,Vienna,Delaney,5/12/00
3634,Quinn,Schmidt,9/16/60
3635,Leighton,Acosta,10/15/82
3636,Benjamin,Fisher,5/7/88
3637,Kenzie,Underwood,12/28/99
3638,Karen,Ramzi,2/2/93
3639,Chloe,Mcdonald,5/7/69
3640,Eden,Medina,3/5/81
3641,Linda,Singh,8/12/60
3642,Lexi,Wilkins,7/2/97
3643,Adaline,Maxwell,4/15/49
3644,Marleigh,Travis,10/10/92
3645,Kara,Gillespie,3/31/00
3646,Delilah,Armstrong,4/2/81
3647,Alyssa,Page,12/10/65
3648,Jessica,Hodge,7/2/81
3649,Elaina,Todd,7/3/86
3650,Avah,Gay,4/7/50
3651,Vivienne,Rowe,9/12/96
3652,Erik,Jackson,6/7/96
3653,Makayla,Copeland,7/8/98
3654,Galilea,Hester,3/14/98
3655,Marie,Solomon,1/3/98
3656,Mina,Cardenas,12/19/02
3657,Cheyenne,Bauer,11/2/92
3658,Alexa,Cross,6/29/89
3659,Aria,Holmes,1/2/05
3660,James,Lanson,3/2/94
3661,Valentina,Lawrence,11/13/04
3662,Ivanna,Livingston,1/7/44
3663,Aaron,Cruz,2/3/00
3664,Artha,Martinez,8/9/86
3665,Marina,Farley,2/24/01
3666,Olivia,Ortiz,9/15/61
3667,Astrid,Hoover,5/17/96
3668,Madeleine,Ayala,11/22/02
3669,Victoria,Nichols,3/2/08
3670,Reagan,Kim,10/2/91
3671,Linda,Miller,4/9/86
3672,Nadia,Mueller,5/22/89
3673,Jordyn,Curry,5/31/88
3674,Clare,Mccray,12/10/65
3675,Sutton,French,3/3/12
3676,Camilla,Potter,5/15/83
3677,Bryan,Oliver,9/12/60
3678,Kimberly,Bush,3/8/03
3679,Rosalee,Craft,4/15/03
3680,Joy,Roman,7/28/81
3681,Emberly,Mccall,3/15/91
3682,Carter,Miranda,5/9/73
3683,Brooklyn,Ray,1/4/08
3684,Giuliana,Carver,3/9/94
3685,Shiloh,Adams,4/2/81
3686,Kamilah,Goff,2/4/00
3687,Juliet,Alvarado,5/6/72
3688,Camille,Swanson,5/13/00
3689,Josephine,Carr,7/4/05
3690,Malaya,Cantu,8/14/82
3691,Raegan,Cannon,7/30/04
3692,Edith,Calhoun,1/7/70
3693,Aviana,Merritt,1/22/77
3694,Demi,Marsh,4/20/38
3695,Meredith,Pugh,5/9/61
3696,Patricia,Aden,11/8/86
3697,Kyleigh,Workman,12/31/54
3698,William,Taleb,5/9/81
3699,Selena,Vega,2/2/06
3700,Persephone,Irwin,10/13/53
3701,Rylie,Roberson,3/5/54
3702,Hannah,Oconnell,10/9/92
3703,Rhea,Benton,6/25/93
3704,Karen,Levine,12/27/03
3705,Francesca,Whitehead,5/7/81
3706,Talia,Bass,10/22/98
3707,Oaklynn,Greer,7/2/95
3708,Faye,Hinton,7/3/82
3709,Ensley,Estes,4/4/08
3710,Teresa,Rosa,8/6/85
3711,Legacy,Pruitt,8/13/70
3712,Bethany,Mcconnell,6/12/03
3713,Molly,Fletcher,4/18/59
3714,Angel,Bond,1/10/97
3715,Andi,Emerson,12/9/05
3716,Holland,Bernard,1/2/74
3717,Michael,Soto,5/21/81
3718,Brooke,Mcgee,4/30/86
3719,Isabela,Mcfadden,2/26/03
3720,Ralph,Bailey,8/30/97
3721,Maxine,Cotton,8/19/82
3722,Davina,Joyce,9/20/86
3723,Alivia,Reese,8/16/97
3724,Diana,Cohen,9/12/80
3725,Michael,Wright,6/1/01
3726,Hailey,Lawson,7/4/97
3727,Maren,Melton,4/4/02
3728,Daphne,Kirby,10/17/81
3729,Juliana,Dawson,6/22/12
3730,Amoura,Cash,2/25/11
3731,Paislee,Wilkerson,5/22/85
3732,Madelyn,Harper,3/5/43
3733,Kaia,Saunders,4/30/73
3734,Aliyah,Devi,5/17/79
3735,Frank,Ramirez,11/8/86
3736,Alicia,Molina,4/3/03
3737,Ellen,Castaneda,4/7/59
3738,Catherine,Goodman,11/17/94
3739,Malaysia,Nolan,4/6/01
3740,Kataleya,Frye,4/11/56
3741,Maryam,Golden,2/20/12
3742,Arielle,Patrick,7/4/99
3743,Evelynn,Roy,2/23/09
3744,Stephanie,Small,8/5/94
3745,Genevieve,Craig,5/2/88
3746,Aleah,Reed,2/1/94
3747,Mae,Landry,9/20/96
3748,Kylie,Brewer,7/14/82
3749,Dahlia,Figueroa,4/8/89
3750,Lawrence,Mohamed,4/18/90
3751,Aisha,Prince,2/7/14
3752,Elise,Benson,12/07/54
3753,Margaret,Bailey,9/12/60
3754,Lilliana,Sparks,4/30/95
3755,Avianna,Marquez,9/5/92
3756,Alaya,Drake,11/12/48
3757,Dayana,Frost,3/28/99
3758,Amelia,Webb,6/4/93
3759,Rosemary,Christian,7/7/81
3760,April,Tanner,7/13/76
3761,Tessa,Hammond,5/5/95
3762,Nathan,Alvarez,8/7/01
3763,Ari,Bullock,12/10/65
3764,Elle,Mckenzie,3/31/00
3765,Bailee,Sargent,11/28/88
3766,Sophia,Wells,2/25/98
3767,Leona,Duran,12/15/50
3768,Wren,Boone,7/8/89
3769,Jack,Reynolds,7/13/96
3770,Louisa,Sears,10/9/86
3771,Susan,Waleed,9/5/92
3772,Amani,Hebert,3/20/81
3773,Skylar,Lane,1/2/09
3774,Lennox,Rush,3/8/08
3775,Adley,Maynard,1/8/98
3776,Johnny,Rowland,7/3/06
3777,Alondra,Decker,4/29/96
3778,Emerson,Jennings,1/16/97
3779,Liv,Donaldson,7/2/06
3780,Mikayla,Weiss,9/12/08
3781,Anya,Avery,4/1/68
3782,Kamiyah,Hurley,12/4/01
3783,Ivy,Duncan,4/30/95
3784,Aspen,Reeves,5/25/95
3785,Ibrahim,Liu,5/18/73
3786,Nala,Suarez,4/2/81
3787,Ellianna,Gamble,3/6/09
3788,Kali,Ingram,9/30/88
3789,Hayden,Sandoval,6/22/04
3790,Mariana,Webster,4/7/88
3791,Allison,Franklin,1/31/98
3792,Aubree,Barnett,2/3/00
3793,Pete,Vazquez,7/23/81
3794,Ashwin,Garcia,4/18/90
3795,Halle,Gbeho,9/5/69
3796,Avery,Warren,5/6/72
3797,Greta,Lynn,11/19/70
3798,Kendall,Keita,9/5/05
3799,Harmony,Watts,8/12/60
3800,Ivory,Branch,11/4/54
3801,Maggie,Estrada,6/10/93
3802,Saleh,Chen,1/22/72
3803,Serenity,Carpenter,4/5/99
3804,Sydney,Manning,3/2/90
3805,Kori,Albert,1/15/02
3806,Lyra,Boyer,11/16/90
3807,Jacob,Smith,2/18/00
3808,Dream,Kirk,4/23/76
3809,Tiana,Case,8/13/99
3810,Aitana,Cain,1/3/98
3811,Willow,Pierce,3/27/08
3812,Noemi,Cote,5/7/81
3813,Azariah,Bird,9/14/77
3814,Baylee,Fitzpatrick,11/3/04
3815,Chana,Stuart,4/17/99
3816,Teagan,Love,12/25/03
3817,Sariah,Burt,7/23/04
3818,Celine,Keith,4/30/69
3819,Alaia,Romero,4/3/76
3820,Charli,Bradford,3/5/81
3821,Tyler,Moreno,3/4/00
3822,Salem,Solis,3/5/54
3823,Aurora,Knight,3/3/12
3824,Ellie,Cruz,4/29/69
3825,Ezra,Benjamin,8/13/92
3826,Emmy,Atkinson,9/23/77
3827,Jazlyn,Juarez,6/7/93
3828,John,Doe,4/5/99
3829,Evangeline,Patton,3/30/91
3830,Michelle,Owen,4/5/18
3831,Luna,Henry,1/6/71
3832,Penny,Dunlap,12/31/99
3833,Riley,Mills,1/3/68
3834,Xiomara,Ashley,8/3/97
3835,Noah,West,5/9/96
3836,Charley,Conway,9/13/02
3837,Nellie,Carney,8/5/70
3838,Morgan,Ababio,8/2/99
3839,Alaiya,Mayer,3/8/94
3840,Ada,Mendez,10/21/04
3841,Rory,Meyers,6/5/19
3842,Hadassah,Tillman,12/2/64
3843,Abigail,Crawford,01/01/53
3844,Alia,Noble,4/28/92
3845,Clara,Hansen,8/26/00
3846,Sienna,Mckinney,6/3/92
3847,Albert,Cardenas,7/9/54
3848,Charleigh,Navarro,12/3/03
3849,Mckinley,Gentry,5/10/99
3850,Carolina,Larsen,2/5/83
3851,Ella,Boyd,8/18/73
3852,Annalise,Dyer,3/20/98
3853,Willa,Clayton,12/1/75
3854,Adalynn,Lynch,4/28/00
3855,Elizabeth,Mason,9/23/77
3856,Bruce,Graham,12/14/62
3857,Gabrielle,Harrington,4/17/70
3858,Isla,Spencer,10/6/45
3859,Justice,Mercado,8/1/86
3860,Sumaya,Diaz,6/3/99
3861,Madelynn,Humphrey,6/7/96
3862,Eva,Richards,10/1/68
3863,Kaitlyn,Robles,9/5/05
3864,Sam,Gallego,10/25/91
3865,Katalina,Kent,4/5/15
3866,Noa,Hartman,10/02/93
3867,Alexis,Simon,9/1/05
3868,Samara,Massey,1/24/09
3869,Lia,Paul,10/1/62
3870,Hana,Duke,7/23/82
3871,Everleigh,Williamson,9/4/97
3872,Macie,Strong,2/3/89
3873,Ashlynn,Waller,4/29/81
3874,Emelia,Mosley,6/24/97
3875,Rylee,Morrison,11/8/86
3876,Sophia,Hawkins,11/14/97
3877,Amora,Clarke,5/3/94
3878,Lilah,Delgado,4/5/69
3879,Sanaa,Martin,4/5/99
3880,Melina,Faulkner,7/7/90
3881,Makenzie,Abbott,1/3/14
3882,Mylah,Calderon,5/4/95
3883,Janelle,Morin,6/12/99
3884,Juniper,Holt,10/02/61
3885,Carmen,Mathews,10/10/69
3886,Mallory,Chang,9/23/48
3887,Martha,Terry,5/15/92
3888,Tori,Hendrix,1/16/04
3889,Franc,Stone,3/3/01
3890,Giselle,Holloway,10/1/45
3891,Thea,Wise,9/23/77
3892,Olivia,Sellers,7/12/86
3893,Chelsea,Richmond,12/6/94
3894,Dallas,Buckley,2/4/85
3895,Jayleen,Mclean,5/16/15
3896,Adelyn,Thornton,5/7/82
3897,Zara,Daniel,10/30/62
3898,Dulce,Vaughan,5/11/81
3899,Zoe,Dunn,12/3/19
3900,Lauren,Mann,6/22/80
3901,Michaela,Sanchez,8/13/82
3902,Isabella,Wallace,6/18/99
3903,Ariah,Flynn,11/4/91
3904,Everly,Hudson,10/20/84
3905,Rosalyn,Head,6/25/93
3906,Addilyn,Kemp,11/4/85
3907,Treasure,Wilder,2/5/00
3908,Giovanna,Stark,6/24/99
3909,Shelby,Callahan,10/18/62
3910,Sierra,Lowery,1/14/00
3911,Alayna,Robbins,4/18/90
3912,Alena,Rollins,11/12/82
3913,Winter,Houston,2/2/02
3914,Mercy,Justice,12/3/03
3915,Chanel,Aguirre,9/30/86
3916,Steff,Eze,6/22/93
3917,Alaina,Schultz,10/14/03
3918,Elora,Mcknight,7/4/01
3919,Madisyn,Mayo,11/8/86
3920,Cecelia,Durham,11/8/90
3921,Stella,Perkins,4/12/65
3922,Piper,Oliver,7/19/85
3923,Arya,Jacobs,7/18/81
3924,Macy,Best,7/12/97
3925,Mary,Burke,11/9/82
3926,Georgia,Bates,9/14/61
3927,Sloan,Mcintyre,11/17/49
3928,Saylor,Doyle,02/07/63
3929,Margo,Frederick,8/11/00
3930,Cataleya,Pitts,6/29/81
3931,Annabelle,Hubbard,9/17/99
3932,Haven,Waters,9/24/86
3933,Laurel,Cook,7/21/89
3934,Amara,Byrd,4/30/76
3935,Rachel,Burgess,1/22/72
3936,Kailani,Moody,6/5/99
3937,Ruth,Griffith,10/8/04
3938,Kathryn,Walter,12/18/13
3939,Elliot,Bartlett,9/4/92
3940,Douglas,Bravo,12/6/02
3941,Logan,Klein,11/11/97
3942,Frankie,Sheppard,11/12/08
3943,Johanna,Scott,11/12/04
3944,Isabel,Graves,5/15/81
3945,Magnolia,Hale,10/12/62
3946,Blair,Poole,1/4/53
3947,Lyanna,Alston,8/13/88
3948,Ashley,Lowe,5/16/98
3949,Athena,Burton,11/17/95
3950,Morgan,Steele,5/6/96
3951,Allie,Gaines,4/30/66
3952,Brooklynn,Ortega,4/6/00
3953,Jordan,Hernandez,1/2/74
3954,Nalani,Camacho,1/4/08
3955,Samantha,Taylor,6/19/69
3956,Itzel,Browning,9/10/99
3957,Poppy,Horn,8/12/60
3958,Skye,Woodard,4/30/99
3959,Fatima,Park,11/17/10
3960,Grace,Robertson,2/2/42
3961,Estella,Coffey,11/22/02
3962,Emmalyn,Joyner,10/18/90
3963,Ruby,Elliott,5/6/89
3964,Katie,Hess,4/5/97
3965,Christina,Dudley,3/25/00
3966,Aubriella,Haney,11/14/96
3967,Lauryn,Stein,4/23/93
3968,Julieta,Finley,9/10/94
3969,Kyra,Salas,05/05/62
3970,Sydney,Li,9/23/77
3971,Lilly,Garner,5/9/96
3972,Audrey,Hart,10/11/94
3973,Brylee,Acevedo,5/9/97
3974,Penelope,Shaw,1/6/39
3975,Catalina,Rhodes,2/1/03
3976,Charlotte,Freeman,4/7/00
3977,Kimber,Battle,4/3/03
3978,Beatrice,Randolph,5/9/11
3979,Yasmin,Ahmed,5/10/94
3980,Lilith,Christensen,10/9/78
3981,Amirah,Ellison,1/2/04
3982,Helen,Combs,10/8/92
3983,Juliette,Beck,4/8/66
3984,Roselyn,Pickett,4/30/92
3985,Ryleigh,Horton,9/4/81
3986,Daniella,Ware,3/1/81
3987,Valerie,May,5/17/59
3988,Octavia,Logan,5/9/08
3989,Rosie,Deleon,12/9/05
3990,Madison,Burns,9/5/86
3991,Laila,Warner,12/15/88
3992,Hayley,Sanford,11/8/79
3993,Aleena,Middleton,4/30/55
3994,Raelyn,Hogan,11/8/00
3995,Alexandra,Holland,10/9/92
3996,Paula,Ratliff,5/20/79
3997,Laylah,Mooney,10/2/99
3998,Alayah,Quinn,4/3/96
3999,Lorelei,Guerra,6/22/93